##,id,name,desc,allow_flat,allow_percent,settle
,1,hp,生命,true,true,true
,2,attack,攻击,true,true,true
,3,defense,防御,true,true,true
,4,crit_rate,暴击率,false,true,false
,5,crit_damage,暴击伤害,false,true,false
,6,hit,命中,false,true,false
,7,dodge,躲闪,false,true,false
,8,parry,招架,false,true,false
,9,block_rate,格挡率,false,true,false
,10,block_value,格挡值,true,false,false
,11,haste,急速,false,true,false
,12,attack_speed,攻击速度,false,true,false
,13,move_speed,移动速度,false,true,false
,14,cooldown_reduction,冷却缩短,false,true,false
,15,penetrate,穿透,false,true,false
,16,damage_bonus,伤害加成,false,true,false
,17,damage_reduction,受伤减免,false,true,false
,18,heal_bonus,治疗加成,false,true,false
,19,lifesteal,吸血,true,true,false
,20,max_mana,最大法力,true,false,false
,21,mana_regen,法力回复,true,true,false
,22,hp_regen,生命回复,true,true,false
,23,dot_bonus,持续伤害加成,false,true,false
,24,hot_bonus,持续治疗加成,false,true,false
,25,effect_duration,效果延长,false,true,false
,26,cc_resist,控制抗性,false,true,false
,27,strength,力量,true,false,false
,28,agility,敏捷,true,false,false
,29,intellect,智力,true,false,false
,30,stamina,耐力,true,false,false
,31,spirit,精神,true,false,false
,32,mastery,精通,false,true,false
,33,damage_vs_controlled,对受控目标增伤,false,true,false
